{
  "model": "rf_subscription",
  "AUC_train": 1.0,
  "AUC_test": 0.9815384615384616,
  "precision": 0.9166666666666666,
  "recall": 0.8461538461538461,
  "f1": 0.88,
  "confusion_matrix": [
    [
      24,
      1
    ],
    [
      2,
      11
    ]
  ],
  "n_test": 38,
  "pos_rate_test": 0.34210526315789475
}