{
  "model": "xgb_subscription",
  "AUC_train": 1.0,
  "AUC_test": 0.9661538461538461,
  "precision": 0.8461538461538461,
  "recall": 0.8461538461538461,
  "f1": 0.8461538461538461,
  "confusion_matrix": [
    [
      23,
      2
    ],
    [
      2,
      11
    ]
  ],
  "n_test": 38,
  "pos_rate_test": 0.34210526315789475
}